feature,coef
age,1.7537579919417767
sex,-11.511809081546598
bmi,25.60712143899745
bp,16.828871666252777
s1,-44.448855642536046
s2,24.640953560447617
s3,7.676977684866803
s4,13.138783899963494
s5,35.16119521092065
s6,2.351363651024429
